杭州百略快捷酒店,171
杭州颐中假日酒店,138
如家快捷酒店(杭州凤起路丝绸城店),113
五洋之星酒店连锁(西湖新华店),169
如家快捷酒店(杭州西湖庆春路新华路店),142
7天连锁酒店(杭州西湖凤起路中国丝绸城店),126
布丁酒店(杭州西湖庆春路店),87
玫瑰传说精品酒店(杭州云上西湖店),139
街町酒店(杭州西湖武林广场),96
南苑e家(杭州西湖凤起店),136
杭州新延安饭店,249
四季瑞丽酒店(杭州丝绸城店),176
杭州商业大厦,295
怡莱酒店(杭州西湖庆春路精品酒店),199
如家快捷酒店(杭州武林广场中河北路地铁站店),136
杭州对象家青年旅舍,57
五洋之星酒店连锁(西湖庆春店),156
杭州马可波罗假日酒店,439
杭州城中香格里拉大酒店,1375
杭州E家酒店式公寓(西湖店),190
杭州百略快捷酒店,171
杭州颐中假日酒店,138
如家快捷酒店(杭州凤起路丝绸城店),113
五洋之星酒店连锁(西湖新华店),169
如家快捷酒店(杭州西湖庆春路新华路店),142
7天连锁酒店(杭州西湖凤起路中国丝绸城店),126
布丁酒店(杭州西湖庆春路店),87
玫瑰传说精品酒店(杭州云上西湖店),139
街町酒店(杭州西湖武林广场),96
南苑e家(杭州西湖凤起店),136
杭州新延安饭店,249
四季瑞丽酒店(杭州丝绸城店),176
杭州商业大厦,295
怡莱酒店(杭州西湖庆春路精品酒店),199
如家快捷酒店(杭州武林广场中河北路地铁站店),136
杭州对象家青年旅舍,57
五洋之星酒店连锁(西湖庆春店),156
杭州马可波罗假日酒店,439
杭州城中香格里拉大酒店,1375
杭州E家酒店式公寓(西湖店),190
杭州百略快捷酒店,171
杭州颐中假日酒店,138
如家快捷酒店(杭州凤起路丝绸城店),113
五洋之星酒店连锁(西湖新华店),169
如家快捷酒店(杭州西湖庆春路新华路店),142
7天连锁酒店(杭州西湖凤起路中国丝绸城店),126
布丁酒店(杭州西湖庆春路店),87
玫瑰传说精品酒店(杭州云上西湖店),139
街町酒店(杭州西湖武林广场),96
南苑e家(杭州西湖凤起店),136
杭州新延安饭店,249
四季瑞丽酒店(杭州丝绸城店),176
杭州商业大厦,295
怡莱酒店(杭州西湖庆春路精品酒店),199
如家快捷酒店(杭州武林广场中河北路地铁站店),136
杭州对象家青年旅舍,57
五洋之星酒店连锁(西湖庆春店),156
杭州马可波罗假日酒店,439
杭州城中香格里拉大酒店,1375
杭州E家酒店式公寓(西湖店),190
萧山烨洒商务客房,71
萧山新湾宾馆,98
杭州路客快捷酒店,90
杭州江东大酒店,92
杭州创慧园酒店,198
杭州萧山杨家旅馆,65
杭州梅林湾商务酒店,163
浙江科瑞思曼酒店,168
杭州萧山宝隆宾馆,96
萧山青芳旅馆,80
杭州新湾镇桂花旅馆,68
杭州开睿大酒店(萧山国际机场店),135
杭州常乐旅馆,72
杭州古月客房,86
杭州义蓬盛江商务客房,107
雅舍连锁酒店(杭州大江东义蓬店),122
杭州月定宾馆,158
萧山刚鑫客房,92
萧山安杰单身公寓,765
杭州福金客房,86
杭州瑞莱克斯大酒店,288
7天连锁酒店(杭州汽车南站店),157
杭州中维香溢大酒店,695
杭州赫纳酒店,388
宜必思酒店(杭州西湖南宋御街店),282
五洋公馆(杭州西湖店),437
杭州望江门铁道酒店,195
杭州西子国际开缘颐颂酒店(雷迪森旗下品牌),330
全季酒店(杭州西湖庆春路店),353
全季酒店(杭州四季青秋涛路店),279
杭州美锦中福精品酒店,715
格林豪泰(杭州西湖大道南宋御街店),309
杭州丽正门大酒店,324
如家商旅酒店(杭州钱江新城天虹广场店),195
如家快捷酒店(杭州火车东站天城路店),142
优宿酒店公寓(杭州万象城店),457
布丁酒店(杭州西湖武林门店),128
杭州景澜·云台印象酒店,571
杭州国大雷迪森广场酒店,743
杭州钱江新城万豪酒店,966
杭州新延安饭店,453
杭州红街酒店式公寓(火车东站店),166
杭州瑞莱克斯大酒店,288
杭州JD铂豪酒店(萧山机场店),210
杭州香树之家酒店(高铁火车东站秋涛北路店),146
杭州瑞立江河汇酒店,510
杭州印泰晤士·庭悦酒店,403
杭州御街壹号酒店,925
杭州银隆君亭酒店,438
亚朵酒店(杭州萧山人民广场店),352
杭州石祥瑞莱克斯大酒店,290
杭州大酒店,534
杭州火车东站和颐酒店,344
浙江铁道大厦城市广场大酒店,181
杭州滨江希尔顿欢朋酒店,588
杭州赫纳酒店,590
浙江东方豪生大酒店,193
杭州萧山宝盛宾馆,361
杭州爱丁堡假日酒店,314
杭州丽君酒店公寓(火车东站店),166
杭州新延安饭店,453
杭州红街酒店式公寓(火车东站店),166
杭州瑞莱克斯大酒店,288
杭州JD铂豪酒店(萧山机场店),210
杭州香树之家酒店(高铁火车东站秋涛北路店),146
杭州瑞立江河汇酒店,510
杭州印泰晤士·庭悦酒店,403
杭州御街壹号酒店,925
杭州银隆君亭酒店,438
亚朵酒店(杭州萧山人民广场店),352
杭州石祥瑞莱克斯大酒店,290
杭州大酒店,534
杭州火车东站和颐酒店,344
浙江铁道大厦城市广场大酒店,181
杭州滨江希尔顿欢朋酒店,588
杭州赫纳酒店,590
浙江东方豪生大酒店,193
杭州萧山宝盛宾馆,361
杭州爱丁堡假日酒店,314
杭州丽君酒店公寓(火车东站店),166
杭州虎跑山庄,338
浙江文华大酒店,379
杭州山舍酒店,648
杭州六通宾馆,582
杭州望景度景屋精品客栈,138
杭州西湖闲亭客栈灵隐店,220
杭州皇家金堡法式主题酒店,211
杭州过客青年旅舍(满陇桂雨店),58
杭州晶晶的小窝精品客栈,222
杭州萱蓝小筑,266
杭州艺联君亭酒店,448
杭州银图电影主题酒店,204
鲜屋商旅酒店(杭州黄龙万塘店),242
杭州雍悦·阿蘭若度假酒店,319
杭州怡雅居青年旅舍,79
杭州云栖翡尔酒店,341
杭州西湖远近之间客栈(西湖店),358
杭州鸟山鸣主题民宿,236
浙江假日之星酒店(杭州宋城店),268
杭州浦京花园酒店,268
杭州虎跑山庄,338
浙江文华大酒店,379
杭州山舍酒店,648
杭州六通宾馆,582
杭州望景度景屋精品客栈,138
杭州西湖闲亭客栈灵隐店,220
杭州皇家金堡法式主题酒店,211
杭州过客青年旅舍(满陇桂雨店),58
杭州晶晶的小窝精品客栈,222
杭州萱蓝小筑,266
杭州艺联君亭酒店,448
杭州银图电影主题酒店,204
鲜屋商旅酒店(杭州黄龙万塘店),242
杭州雍悦·阿蘭若度假酒店,319
杭州怡雅居青年旅舍,79
杭州云栖翡尔酒店,341
杭州西湖远近之间客栈(西湖店),358
杭州鸟山鸣主题民宿,236
浙江假日之星酒店(杭州宋城店),268
杭州浦京花园酒店,268
杭州JD铂豪酒店(萧山机场店),177
7天连锁酒店(杭州萧山国际机场西大门店),168
恒8连锁酒店(杭州萧山国际机场店),148
速8酒店(杭州萧山国际机场店),151
麗枫酒店(丽枫LAVANDE)杭州萧山国际机场店,240
全季酒店(杭州萧山机场店),410
锦江之星(杭州萧山国际机场店),202
如家酒店(杭州萧山国际机场店),227
杭州萧山靖江大酒店(萧山机场店),232
杭州萧山国际机场蝶来大酒店,659
维也纳酒店(杭州萧山国际机场店),258
尚客优连锁酒店(杭州萧山国际机场店),141
杭州上格精品酒店,120
恒8连锁酒店(杭州萧山瓜沥店),116
都市118连锁酒店(萧山南秀路店),146
杭州广景酒店(萧山国际机场店),150
杭州梦凯宾馆,155
维也纳智好酒店(杭州义蓬中路店),241
绍兴老安昌客栈,280
恒8连锁酒店(杭州萧山瓜沥友谊路店),105
杭州鑫腾旅馆,95
汉庭酒店(杭州文一西路店),161
Zsmart智尚酒店(杭州西溪紫金港店)(原城西银泰店),210
杭州朗逸轩酒店,211
杭州米兰洲际酒店,295
布丁酒店(杭州西城广场文一西路店),128
杭州天天短租青年旅社,64
杭州益乐旅馆,106
桔子酒店精选(杭州文一西路店),641
杭州君尚酒店,276
优橙连锁主题酒店(杭州印象城店),146
橡果酒店(杭州浙大紫金港店),305
全季酒店(杭州文一路翠苑酒店),255
汉庭酒店(杭州古墩路店),168
布丁酒店(杭州省立同德医院古翠路地铁站店),119
汉庭酒店(杭州文三西路店),170
漫心酒店(杭州西溪紫金港店),324
杭州云宿公寓式酒店(城西银泰店),197
杭州唐人儒亿酒店(浙大紫金港店),354
全季酒店(杭州西溪文三西路店)(原藕花洲假日酒店),322
杭州大华饭店,2035
玫瑰传说精品酒店(杭州云上西湖店),139
如家快捷酒店(杭州武林广场中河北路地铁站店),136
杭州新延安饭店,249
如家快捷酒店(杭州中山北路凤起路地铁站店),151
南苑e家(杭州西湖凤起店),136
如家快捷酒店(杭州凤起路丝绸城店),113
杭州赫纳酒店,288
浙江国际大酒店,383
四季瑞丽酒店(杭州丝绸城店),176
杭州近西湖武林商圈温馨公寓,135
杭州大酒店,387
浙江大酒店(君澜),513
杭州泊杭主题酒店,204
杭州马可波罗假日酒店,439
锦江之星品尚杭州西湖延安路店,239
杭州颐中假日酒店,138
杭州区咫尺边舒适空间别墅,351
杭州苏杭第一家普通公寓(凤起路店),422
杭州城中香格里拉大酒店,1375
杭州瑞尚假日酒店,96
玫瑰传说精品酒店(杭州云上西湖店),139
如家快捷酒店(杭州武林广场中河北路地铁站店),136
杭州新延安饭店,249
如家快捷酒店(杭州中山北路凤起路地铁站店),151
南苑e家(杭州西湖凤起店),136
如家快捷酒店(杭州凤起路丝绸城店),113
杭州赫纳酒店,288
浙江国际大酒店,383
四季瑞丽酒店(杭州丝绸城店),176
杭州近西湖武林商圈温馨公寓,135
杭州大酒店,387
浙江大酒店(君澜),513
杭州泊杭主题酒店,204
杭州马可波罗假日酒店,439
锦江之星品尚杭州西湖延安路店,239
杭州颐中假日酒店,138
杭州区咫尺边舒适空间别墅,351
杭州苏杭第一家普通公寓(凤起路店),422
杭州城中香格里拉大酒店,1375
杭州瑞尚假日酒店,96
杭州凯豪大酒店(萧山),250
杭州凯豪大酒店(萧山),250
